{
  "id": "4343986",
  "name": "mmd-fe",
  "font_family": "iconfont",
  "css_prefix_text": "icon-",
  "description": "",
  "glyphs": [
    {
      "icon_id": "240305",
      "name": "link",
      "font_class": "link",
      "unicode": "e6f7",
      "unicode_decimal": 59127
    },
    {
      "icon_id": "248978",
      "name": "date",
      "font_class": "date",
      "unicode": "e697",
      "unicode_decimal": 59031
    },
    {
      "icon_id": "573856",
      "name": "其他",
      "font_class": "other",
      "unicode": "e66a",
      "unicode_decimal": 58986
    },
    {
      "icon_id": "1584099",
      "name": "XRay",
      "font_class": "xray",
      "unicode": "e729",
      "unicode_decimal": 59177
    },
    {
      "icon_id": "1584546",
      "name": "超声诊断仪",
      "font_class": "ultrasonic",
      "unicode": "e72c",
      "unicode_decimal": 59180
    },
    {
      "icon_id": "1799674",
      "name": "断层扫描",
      "font_class": "ct",
      "unicode": "e65e",
      "unicode_decimal": 58974
    },
    {
      "icon_id": "2269777",
      "name": "图像配准",
      "font_class": "registration",
      "unicode": "e60d",
      "unicode_decimal": 58893
    },
    {
      "icon_id": "11372704",
      "name": "数据",
      "font_class": "common",
      "unicode": "e8b9",
      "unicode_decimal": 59577
    },
    {
      "icon_id": "13125070",
      "name": "WSI",
      "font_class": "wsi",
      "unicode": "e60b",
      "unicode_decimal": 58891
    },
    {
      "icon_id": "14996387",
      "name": "病历",
      "font_class": "ehr",
      "unicode": "e610",
      "unicode_decimal": 58896
    },
    {
      "icon_id": "22330183",
      "name": "图像分类",
      "font_class": "classification",
      "unicode": "e604",
      "unicode_decimal": 58884
    },
    {
      "icon_id": "26474068",
      "name": "Description",
      "font_class": "Description",
      "unicode": "e692",
      "unicode_decimal": 59026
    },
    {
      "icon_id": "28969540",
      "name": "重复图像检测-01",
      "font_class": "detection",
      "unicode": "e957",
      "unicode_decimal": 59735
    },
    {
      "icon_id": "30990728",
      "name": "食管-Biomarker",
      "font_class": "biomarker",
      "unicode": "e614",
      "unicode_decimal": 58900
    },
    {
      "icon_id": "31359557",
      "name": "核磁共振",
      "font_class": "mri",
      "unicode": "e62b",
      "unicode_decimal": 58923
    },
    {
      "icon_id": "33524680",
      "name": "图像分割",
      "font_class": "segmentation",
      "unicode": "e61a",
      "unicode_decimal": 58906
    },
    {
      "icon_id": "34275769",
      "name": "PET",
      "font_class": "pet",
      "unicode": "e60f",
      "unicode_decimal": 58895
    },
    {
      "icon_id": "38043985",
      "name": "图像重建",
      "font_class": "reconstruction",
      "unicode": "e838",
      "unicode_decimal": 59448
    },
    {
      "icon_id": "39425311",
      "name": "图像超分",
      "font_class": "superresolution",
      "unicode": "e7bf",
      "unicode_decimal": 59327
    },
    {
      "icon_id": "581993",
      "name": "完成",
      "font_class": "finished",
      "unicode": "e630",
      "unicode_decimal": 58928
    },
    {
      "icon_id": "1069839",
      "name": "3.0-未完成",
      "font_class": "unfinished",
      "unicode": "e6a9",
      "unicode_decimal": 59049
    },
    {
      "icon_id": "40412238",
      "name": "修改时间",
      "font_class": "modify-time",
      "unicode": "e613",
      "unicode_decimal": 58899
    },
    {
      "icon_id": "217416",
      "name": "project",
      "font_class": "project",
      "unicode": "e63d",
      "unicode_decimal": 58941
    },
    {
      "icon_id": "1084582",
      "name": "setting",
      "font_class": "setting",
      "unicode": "e605",
      "unicode_decimal": 58885
    },
    {
      "icon_id": "1397983",
      "name": "logout",
      "font_class": "logout",
      "unicode": "e609",
      "unicode_decimal": 58889
    },
    {
      "icon_id": "4114119",
      "name": "organization",
      "font_class": "organization",
      "unicode": "e6a1",
      "unicode_decimal": 59041
    },
    {
      "icon_id": "5700816",
      "name": "password",
      "font_class": "password",
      "unicode": "e60a",
      "unicode_decimal": 58890
    },
    {
      "icon_id": "5776868",
      "name": "account",
      "font_class": "account",
      "unicode": "e655",
      "unicode_decimal": 58965
    },
    {
      "icon_id": "7008906",
      "name": "collection",
      "font_class": "collection",
      "unicode": "e6ea",
      "unicode_decimal": 59114
    },
    {
      "icon_id": "19100278",
      "name": "mail",
      "font_class": "mail",
      "unicode": "e64f",
      "unicode_decimal": 58959
    },
    {
      "icon_id": "7617119",
      "name": "github",
      "font_class": "github",
      "unicode": "e600",
      "unicode_decimal": 58880
    },
    {
      "icon_id": "688138",
      "name": "源代码",
      "font_class": "code",
      "unicode": "e7ae",
      "unicode_decimal": 59310
    },
    {
      "icon_id": "1167160",
      "name": "工具箱",
      "font_class": "tools",
      "unicode": "e62f",
      "unicode_decimal": 58927
    },
    {
      "icon_id": "1727543",
      "name": "向下箭头",
      "font_class": "down-arrow",
      "unicode": "e8f2",
      "unicode_decimal": 59634
    },
    {
      "icon_id": "1727544",
      "name": "向下箭头",
      "font_class": "down-arrow-fill",
      "unicode": "e8f3",
      "unicode_decimal": 59635
    },
    {
      "icon_id": "4936694",
      "name": "setting-fill",
      "font_class": "setting-fill",
      "unicode": "e871",
      "unicode_decimal": 59505
    },
    {
      "icon_id": "7404306",
      "name": "描述",
      "font_class": "description",
      "unicode": "e775",
      "unicode_decimal": 59253
    },
    {
      "icon_id": "8094217",
      "name": "统计",
      "font_class": "statistic",
      "unicode": "e64d",
      "unicode_decimal": 58957
    },
    {
      "icon_id": "10593834",
      "name": "工具箱",
      "font_class": "jurassic_toolkit",
      "unicode": "e6a3",
      "unicode_decimal": 59043
    },
    {
      "icon_id": "11882855",
      "name": "bg-code",
      "font_class": "bg-code",
      "unicode": "e63b",
      "unicode_decimal": 58939
    },
    {
      "icon_id": "975296",
      "name": "注册",
      "font_class": "signup",
      "unicode": "e62d",
      "unicode_decimal": 58925
    },
    {
      "icon_id": "577365",
      "name": "搜索",
      "font_class": "search",
      "unicode": "e752",
      "unicode_decimal": 59218
    },
    {
      "icon_id": "975307",
      "name": "登录",
      "font_class": "signin",
      "unicode": "e62e",
      "unicode_decimal": 58926
    },
    {
      "icon_id": "13303555",
      "name": "i18n",
      "font_class": "in",
      "unicode": "e669",
      "unicode_decimal": 58985
    },
    {
      "icon_id": "959732",
      "name": "可视化",
      "font_class": "visualization",
      "unicode": "e65c",
      "unicode_decimal": 58972
    },
    {
      "icon_id": "1471834",
      "name": "data",
      "font_class": "data",
      "unicode": "e60e",
      "unicode_decimal": 58894
    },
    {
      "icon_id": "15713530",
      "name": "关于",
      "font_class": "about-us",
      "unicode": "e608",
      "unicode_decimal": 58888
    },
    {
      "icon_id": "16079631",
      "name": "home",
      "font_class": "home",
      "unicode": "e62a",
      "unicode_decimal": 58922
    },
    {
      "icon_id": "25671811",
      "name": "model",
      "font_class": "model",
      "unicode": "e708",
      "unicode_decimal": 59144
    }
  ]
}
